file_path,word_label,accent_label,speaker_id,duration_sec,split
cv-corpus-25.0-2026-03-09/sw/clips/common_voice_sw_30717903.mp3,katika,sw,57b80e98d5173eb5ff2f4274033f1d59f4272abd52a244a80ed4e0e598a8f1496281237a73131ffb72cbcecd70cafdb583a1ae366a671495becf89dbe458ed59,7.596,train
cv-corpus-25.0-2026-03-09/sw/clips/common_voice_sw_30718388.mp3,katika,sw,57b80e98d5173eb5ff2f4274033f1d59f4272abd52a244a80ed4e0e598a8f1496281237a73131ffb72cbcecd70cafdb583a1ae366a671495becf89dbe458ed59,4.968,train
cv-corpus-25.0-2026-03-09/sw/clips/common_voice_sw_30718560.mp3,katika,sw,57b80e98d5173eb5ff2f4274033f1d59f4272abd52a244a80ed4e0e598a8f1496281237a73131ffb72cbcecd70cafdb583a1ae366a671495becf89dbe458ed59,5.868,train
cv-corpus-25.0-2026-03-09/sw/clips/common_voice_sw_30718695.mp3,katika,sw,57b80e98d5173eb5ff2f4274033f1d59f4272abd52a244a80ed4e0e598a8f1496281237a73131ffb72cbcecd70cafdb583a1ae366a671495becf89dbe458ed59,4.788,train
cv-corpus-25.0-2026-03-09/sw/clips/common_voice_sw_30719001.mp3,katika,sw,57b80e98d5173eb5ff2f4274033f1d59f4272abd52a244a80ed4e0e598a8f1496281237a73131ffb72cbcecd70cafdb583a1ae366a671495becf89dbe458ed59,4.5,train
cv-corpus-25.0-2026-03-09/sw/clips/common_voice_sw_30719546.mp3,katika,sw,57b80e98d5173eb5ff2f4274033f1d59f4272abd52a244a80ed4e0e598a8f1496281237a73131ffb72cbcecd70cafdb583a1ae366a671495becf89dbe458ed59,6.336,train
cv-corpus-25.0-2026-03-09/sw/clips/common_voice_sw_30558473.mp3,katika,sw,f0e3f1cbc3526ea2273da567cb59583344ad1606b7be2ad13a902e8b971af62a3da34c20d4ee0e9ee59812079b0400ef7d2091514e02e74fa44c27a2c9ca5862,10.26,train
cv-corpus-25.0-2026-03-09/sw/clips/common_voice_sw_30558494.mp3,katika,sw,f0e3f1cbc3526ea2273da567cb59583344ad1606b7be2ad13a902e8b971af62a3da34c20d4ee0e9ee59812079b0400ef7d2091514e02e74fa44c27a2c9ca5862,7.128,train
cv-corpus-25.0-2026-03-09/sw/clips/common_voice_sw_30693806.mp3,katika,sw,f0e3f1cbc3526ea2273da567cb59583344ad1606b7be2ad13a902e8b971af62a3da34c20d4ee0e9ee59812079b0400ef7d2091514e02e74fa44c27a2c9ca5862,6.84,train
cv-corpus-25.0-2026-03-09/sw/clips/common_voice_sw_30694189.mp3,katika,sw,f0e3f1cbc3526ea2273da567cb59583344ad1606b7be2ad13a902e8b971af62a3da34c20d4ee0e9ee59812079b0400ef7d2091514e02e74fa44c27a2c9ca5862,7.956,train
cv-corpus-25.0-2026-03-09/sw/clips/common_voice_sw_38032318.mp3,katika,sw,f0e3f1cbc3526ea2273da567cb59583344ad1606b7be2ad13a902e8b971af62a3da34c20d4ee0e9ee59812079b0400ef7d2091514e02e74fa44c27a2c9ca5862,9.0,train
cv-corpus-25.0-2026-03-09/sw/clips/common_voice_sw_30667174.mp3,katika,sw,c32b6889700b2aadf1b5524c64abc2e06de0769c68ba330ed38e9b96144db8e109ce609b1ca1e7687432640e29cdd3b3d02a00bd895036703dbc2aba7610b30c,7.956,train
cv-corpus-25.0-2026-03-09/sw/clips/common_voice_sw_30667193.mp3,katika,sw,c32b6889700b2aadf1b5524c64abc2e06de0769c68ba330ed38e9b96144db8e109ce609b1ca1e7687432640e29cdd3b3d02a00bd895036703dbc2aba7610b30c,7.668,train
cv-corpus-25.0-2026-03-09/sw/clips/common_voice_sw_30709724.mp3,katika,sw,c32b6889700b2aadf1b5524c64abc2e06de0769c68ba330ed38e9b96144db8e109ce609b1ca1e7687432640e29cdd3b3d02a00bd895036703dbc2aba7610b30c,5.328,train
cv-corpus-25.0-2026-03-09/sw/clips/common_voice_sw_30709925.mp3,katika,sw,c32b6889700b2aadf1b5524c64abc2e06de0769c68ba330ed38e9b96144db8e109ce609b1ca1e7687432640e29cdd3b3d02a00bd895036703dbc2aba7610b30c,5.04,train
cv-corpus-25.0-2026-03-09/sw/clips/common_voice_sw_30709973.mp3,katika,sw,c32b6889700b2aadf1b5524c64abc2e06de0769c68ba330ed38e9b96144db8e109ce609b1ca1e7687432640e29cdd3b3d02a00bd895036703dbc2aba7610b30c,6.408,train
cv-corpus-25.0-2026-03-09/sw/clips/common_voice_sw_30629401.mp3,katika,sw,052c5091df7681302a2117b2d21db1540c2156f5254ebe9876a7d0146588eab582e11cb47761a18f84200a510a5386bdf024374f76113cd15fe1cc8d7b9fcf0b,6.048,train
cv-corpus-25.0-2026-03-09/sw/clips/common_voice_sw_30629547.mp3,katika,sw,052c5091df7681302a2117b2d21db1540c2156f5254ebe9876a7d0146588eab582e11cb47761a18f84200a510a5386bdf024374f76113cd15fe1cc8d7b9fcf0b,6.3,train
cv-corpus-25.0-2026-03-09/sw/clips/common_voice_sw_30630496.mp3,katika,sw,052c5091df7681302a2117b2d21db1540c2156f5254ebe9876a7d0146588eab582e11cb47761a18f84200a510a5386bdf024374f76113cd15fe1cc8d7b9fcf0b,5.148,train
cv-corpus-25.0-2026-03-09/sw/clips/common_voice_sw_30638421.mp3,katika,sw,052c5091df7681302a2117b2d21db1540c2156f5254ebe9876a7d0146588eab582e11cb47761a18f84200a510a5386bdf024374f76113cd15fe1cc8d7b9fcf0b,9.0,train
cv-corpus-25.0-2026-03-09/sw/clips/common_voice_sw_30638438.mp3,katika,sw,052c5091df7681302a2117b2d21db1540c2156f5254ebe9876a7d0146588eab582e11cb47761a18f84200a510a5386bdf024374f76113cd15fe1cc8d7b9fcf0b,7.848,train
cv-corpus-25.0-2026-03-09/sw/clips/common_voice_sw_30640453.mp3,katika,sw,052c5091df7681302a2117b2d21db1540c2156f5254ebe9876a7d0146588eab582e11cb47761a18f84200a510a5386bdf024374f76113cd15fe1cc8d7b9fcf0b,4.608,train
cv-corpus-25.0-2026-03-09/sw/clips/common_voice_sw_37094279.mp3,katika,sw,e7a76662bca572d2faa75fbd403206c7f0cec3e038c220d4a94729e4001f489dd126d307a9d2515aecf7c6552b35b6554a4b9334ed351a1d998051729c708da7,4.104,train
cv-corpus-25.0-2026-03-09/sw/clips/common_voice_sw_37098051.mp3,katika,sw,e7a76662bca572d2faa75fbd403206c7f0cec3e038c220d4a94729e4001f489dd126d307a9d2515aecf7c6552b35b6554a4b9334ed351a1d998051729c708da7,6.192,train
cv-corpus-25.0-2026-03-09/sw/clips/common_voice_sw_34598137.mp3,katika,sw,dfacc565c5fd59c3dd42eeadc6eebe4694b9a730e72f30a33231c28ceb5ec8ddb7245a39ebdfb6f681d6233c5282d55455c9d6fdbe0bb244efb694dbf0113fcd,4.68,train
cv-corpus-25.0-2026-03-09/sw/clips/common_voice_sw_28581517.mp3,katika,sw,4fe6974e93db06e39211066366a14a80c728d9b68ac77405006695b1f74a24c6a0d5134292d193a1a5d94b1d3cc1506c7067b38c43ee1e5b5e69cfa55f57a446,6.696,train
cv-corpus-25.0-2026-03-09/sw/clips/common_voice_sw_28581839.mp3,katika,sw,4fe6974e93db06e39211066366a14a80c728d9b68ac77405006695b1f74a24c6a0d5134292d193a1a5d94b1d3cc1506c7067b38c43ee1e5b5e69cfa55f57a446,8.1,train
cv-corpus-25.0-2026-03-09/sw/clips/common_voice_sw_28582083.mp3,katika,sw,4fe6974e93db06e39211066366a14a80c728d9b68ac77405006695b1f74a24c6a0d5134292d193a1a5d94b1d3cc1506c7067b38c43ee1e5b5e69cfa55f57a446,7.848,train
cv-corpus-25.0-2026-03-09/sw/clips/common_voice_sw_28582669.mp3,katika,sw,4fe6974e93db06e39211066366a14a80c728d9b68ac77405006695b1f74a24c6a0d5134292d193a1a5d94b1d3cc1506c7067b38c43ee1e5b5e69cfa55f57a446,5.328,train
cv-corpus-25.0-2026-03-09/sw/clips/common_voice_sw_31737327.mp3,katika,sw,4fe6974e93db06e39211066366a14a80c728d9b68ac77405006695b1f74a24c6a0d5134292d193a1a5d94b1d3cc1506c7067b38c43ee1e5b5e69cfa55f57a446,7.668,train
cv-corpus-25.0-2026-03-09/sw/clips/common_voice_sw_34049078.mp3,katika,sw,9543fae22dc04f8bc0c58493f1886a985eb3163aa3682d1b65b772212b9fcc6f6f7b018b18ea79c1711efaf48eb8a8692aeb2b3a10cb4ea5878cbfe8a257b31c,7.848,train
cv-corpus-25.0-2026-03-09/sw/clips/common_voice_sw_35166231.mp3,katika,sw,39e93dddcd981ea59b709adbfdb74bf6e3556234d56ca47e03bf3da7b84d523eaf3c3dedf816128187ca472606a069d8c6af4d395b42e247aeb826d314a39550,6.048,train
cv-corpus-25.0-2026-03-09/sw/clips/common_voice_sw_30342535.mp3,katika,sw,654a4abf951a53447a4628b5cf857438956fba5246b3c22ef8ab717a7773ff3057ba82d2174386c75fd18ce7914d333a3af6e15c9c4173256c98b1ded084d841,4.068,test
cv-corpus-25.0-2026-03-09/sw/clips/common_voice_sw_30585373.mp3,katika,sw,654a4abf951a53447a4628b5cf857438956fba5246b3c22ef8ab717a7773ff3057ba82d2174386c75fd18ce7914d333a3af6e15c9c4173256c98b1ded084d841,8.856,test
cv-corpus-25.0-2026-03-09/sw/clips/common_voice_sw_37088962.mp3,katika,sw,654a4abf951a53447a4628b5cf857438956fba5246b3c22ef8ab717a7773ff3057ba82d2174386c75fd18ce7914d333a3af6e15c9c4173256c98b1ded084d841,5.148,test
cv-corpus-25.0-2026-03-09/sw/clips/common_voice_sw_34190939.mp3,katika,sw,e138b6e0c18683ce9c2fd6194fd09d53c4b507747ba7f92cdad8c522d6a6dccf8a35fdbbab5a29d432aa6482f4a4e3f4bb248b7226cbedad859cb927fe765839,5.796,test
cv-corpus-25.0-2026-03-09/sw/clips/common_voice_sw_34191026.mp3,katika,sw,e138b6e0c18683ce9c2fd6194fd09d53c4b507747ba7f92cdad8c522d6a6dccf8a35fdbbab5a29d432aa6482f4a4e3f4bb248b7226cbedad859cb927fe765839,6.3,test
cv-corpus-25.0-2026-03-09/sw/clips/common_voice_sw_37034622.mp3,katika,sw,cbfc366ea011a9b92b950d2d2f448ba019bb995e157f19fbcafc64c2bc510baddc5a8b185d7385314d978418b0f8f0b964eba5db0743c0b58b36098933ae2373,4.14,test
cv-corpus-25.0-2026-03-09/sw/clips/common_voice_sw_37564698.mp3,katika,sw,cbfc366ea011a9b92b950d2d2f448ba019bb995e157f19fbcafc64c2bc510baddc5a8b185d7385314d978418b0f8f0b964eba5db0743c0b58b36098933ae2373,10.368,test
cv-corpus-25.0-2026-03-09/sw/clips/common_voice_sw_30628261.mp3,katika,sw,8ed66acaaecf3d1ffd887ed5af76a220976a8b3dd1209f7440058ec3270a89833f2241f2932e2eada0a8599d8b9d60e9a120ec1b365518c6b017912fa0f51241,6.696,test
cv-corpus-25.0-2026-03-09/sw/clips/common_voice_sw_30718307.mp3,kwa,sw,57b80e98d5173eb5ff2f4274033f1d59f4272abd52a244a80ed4e0e598a8f1496281237a73131ffb72cbcecd70cafdb583a1ae366a671495becf89dbe458ed59,6.516,train
cv-corpus-25.0-2026-03-09/sw/clips/common_voice_sw_30718353.mp3,kwa,sw,57b80e98d5173eb5ff2f4274033f1d59f4272abd52a244a80ed4e0e598a8f1496281237a73131ffb72cbcecd70cafdb583a1ae366a671495becf89dbe458ed59,7.488,train
cv-corpus-25.0-2026-03-09/sw/clips/common_voice_sw_30718839.mp3,kwa,sw,57b80e98d5173eb5ff2f4274033f1d59f4272abd52a244a80ed4e0e598a8f1496281237a73131ffb72cbcecd70cafdb583a1ae366a671495becf89dbe458ed59,5.328,train
cv-corpus-25.0-2026-03-09/sw/clips/common_voice_sw_30719113.mp3,kwa,sw,57b80e98d5173eb5ff2f4274033f1d59f4272abd52a244a80ed4e0e598a8f1496281237a73131ffb72cbcecd70cafdb583a1ae366a671495becf89dbe458ed59,7.776,train
cv-corpus-25.0-2026-03-09/sw/clips/common_voice_sw_30558448.mp3,kwa,sw,f0e3f1cbc3526ea2273da567cb59583344ad1606b7be2ad13a902e8b971af62a3da34c20d4ee0e9ee59812079b0400ef7d2091514e02e74fa44c27a2c9ca5862,7.668,train
cv-corpus-25.0-2026-03-09/sw/clips/common_voice_sw_30558480.mp3,kwa,sw,f0e3f1cbc3526ea2273da567cb59583344ad1606b7be2ad13a902e8b971af62a3da34c20d4ee0e9ee59812079b0400ef7d2091514e02e74fa44c27a2c9ca5862,7.488,train
cv-corpus-25.0-2026-03-09/sw/clips/common_voice_sw_30575610.mp3,kwa,sw,f0e3f1cbc3526ea2273da567cb59583344ad1606b7be2ad13a902e8b971af62a3da34c20d4ee0e9ee59812079b0400ef7d2091514e02e74fa44c27a2c9ca5862,6.48,train
cv-corpus-25.0-2026-03-09/sw/clips/common_voice_sw_30581244.mp3,kwa,sw,f0e3f1cbc3526ea2273da567cb59583344ad1606b7be2ad13a902e8b971af62a3da34c20d4ee0e9ee59812079b0400ef7d2091514e02e74fa44c27a2c9ca5862,8.928,train
cv-corpus-25.0-2026-03-09/sw/clips/common_voice_sw_30693979.mp3,kwa,sw,f0e3f1cbc3526ea2273da567cb59583344ad1606b7be2ad13a902e8b971af62a3da34c20d4ee0e9ee59812079b0400ef7d2091514e02e74fa44c27a2c9ca5862,9.108,train
cv-corpus-25.0-2026-03-09/sw/clips/common_voice_sw_30694024.mp3,kwa,sw,f0e3f1cbc3526ea2273da567cb59583344ad1606b7be2ad13a902e8b971af62a3da34c20d4ee0e9ee59812079b0400ef7d2091514e02e74fa44c27a2c9ca5862,5.76,train
cv-corpus-25.0-2026-03-09/sw/clips/common_voice_sw_30694098.mp3,kwa,sw,f0e3f1cbc3526ea2273da567cb59583344ad1606b7be2ad13a902e8b971af62a3da34c20d4ee0e9ee59812079b0400ef7d2091514e02e74fa44c27a2c9ca5862,9.0,train
cv-corpus-25.0-2026-03-09/sw/clips/common_voice_sw_30623757.mp3,kwa,sw,c32b6889700b2aadf1b5524c64abc2e06de0769c68ba330ed38e9b96144db8e109ce609b1ca1e7687432640e29cdd3b3d02a00bd895036703dbc2aba7610b30c,4.536,train
cv-corpus-25.0-2026-03-09/sw/clips/common_voice_sw_30709668.mp3,kwa,sw,c32b6889700b2aadf1b5524c64abc2e06de0769c68ba330ed38e9b96144db8e109ce609b1ca1e7687432640e29cdd3b3d02a00bd895036703dbc2aba7610b30c,5.58,train
cv-corpus-25.0-2026-03-09/sw/clips/common_voice_sw_30709787.mp3,kwa,sw,c32b6889700b2aadf1b5524c64abc2e06de0769c68ba330ed38e9b96144db8e109ce609b1ca1e7687432640e29cdd3b3d02a00bd895036703dbc2aba7610b30c,5.22,train
cv-corpus-25.0-2026-03-09/sw/clips/common_voice_sw_30709799.mp3,kwa,sw,c32b6889700b2aadf1b5524c64abc2e06de0769c68ba330ed38e9b96144db8e109ce609b1ca1e7687432640e29cdd3b3d02a00bd895036703dbc2aba7610b30c,2.988,train
cv-corpus-25.0-2026-03-09/sw/clips/common_voice_sw_30629575.mp3,kwa,sw,052c5091df7681302a2117b2d21db1540c2156f5254ebe9876a7d0146588eab582e11cb47761a18f84200a510a5386bdf024374f76113cd15fe1cc8d7b9fcf0b,3.528,train
cv-corpus-25.0-2026-03-09/sw/clips/common_voice_sw_37097180.mp3,kwa,sw,e7a76662bca572d2faa75fbd403206c7f0cec3e038c220d4a94729e4001f489dd126d307a9d2515aecf7c6552b35b6554a4b9334ed351a1d998051729c708da7,6.192,train
cv-corpus-25.0-2026-03-09/sw/clips/common_voice_sw_37098232.mp3,kwa,sw,e7a76662bca572d2faa75fbd403206c7f0cec3e038c220d4a94729e4001f489dd126d307a9d2515aecf7c6552b35b6554a4b9334ed351a1d998051729c708da7,8.964,train
cv-corpus-25.0-2026-03-09/sw/clips/common_voice_sw_37084622.mp3,kwa,sw,40a58574fe3c4ccca04a039b9f4ce0acad319f67ae8ed1fb44d420b2831fff2a25229d18c341bfff08cc1e1b800a8aea3aabee079217ac8bb0f2c3665a7dab9e,4.716,train
cv-corpus-25.0-2026-03-09/sw/clips/common_voice_sw_37088730.mp3,kwa,sw,40a58574fe3c4ccca04a039b9f4ce0acad319f67ae8ed1fb44d420b2831fff2a25229d18c341bfff08cc1e1b800a8aea3aabee079217ac8bb0f2c3665a7dab9e,4.356,train
cv-corpus-25.0-2026-03-09/sw/clips/common_voice_sw_37092275.mp3,kwa,sw,40a58574fe3c4ccca04a039b9f4ce0acad319f67ae8ed1fb44d420b2831fff2a25229d18c341bfff08cc1e1b800a8aea3aabee079217ac8bb0f2c3665a7dab9e,4.068,train
cv-corpus-25.0-2026-03-09/sw/clips/common_voice_sw_34597172.mp3,kwa,sw,dfacc565c5fd59c3dd42eeadc6eebe4694b9a730e72f30a33231c28ceb5ec8ddb7245a39ebdfb6f681d6233c5282d55455c9d6fdbe0bb244efb694dbf0113fcd,10.008,train
cv-corpus-25.0-2026-03-09/sw/clips/common_voice_sw_34597672.mp3,kwa,sw,dfacc565c5fd59c3dd42eeadc6eebe4694b9a730e72f30a33231c28ceb5ec8ddb7245a39ebdfb6f681d6233c5282d55455c9d6fdbe0bb244efb694dbf0113fcd,8.208,train
cv-corpus-25.0-2026-03-09/sw/clips/common_voice_sw_34598073.mp3,kwa,sw,dfacc565c5fd59c3dd42eeadc6eebe4694b9a730e72f30a33231c28ceb5ec8ddb7245a39ebdfb6f681d6233c5282d55455c9d6fdbe0bb244efb694dbf0113fcd,6.948,train
cv-corpus-25.0-2026-03-09/sw/clips/common_voice_sw_34598077.mp3,kwa,sw,dfacc565c5fd59c3dd42eeadc6eebe4694b9a730e72f30a33231c28ceb5ec8ddb7245a39ebdfb6f681d6233c5282d55455c9d6fdbe0bb244efb694dbf0113fcd,6.588,train
cv-corpus-25.0-2026-03-09/sw/clips/common_voice_sw_27800571.mp3,kwa,sw,4fe6974e93db06e39211066366a14a80c728d9b68ac77405006695b1f74a24c6a0d5134292d193a1a5d94b1d3cc1506c7067b38c43ee1e5b5e69cfa55f57a446,6.048,train
cv-corpus-25.0-2026-03-09/sw/clips/common_voice_sw_28581513.mp3,kwa,sw,4fe6974e93db06e39211066366a14a80c728d9b68ac77405006695b1f74a24c6a0d5134292d193a1a5d94b1d3cc1506c7067b38c43ee1e5b5e69cfa55f57a446,6.48,train
cv-corpus-25.0-2026-03-09/sw/clips/common_voice_sw_28581558.mp3,kwa,sw,4fe6974e93db06e39211066366a14a80c728d9b68ac77405006695b1f74a24c6a0d5134292d193a1a5d94b1d3cc1506c7067b38c43ee1e5b5e69cfa55f57a446,5.436,train
cv-corpus-25.0-2026-03-09/sw/clips/common_voice_sw_28582155.mp3,kwa,sw,4fe6974e93db06e39211066366a14a80c728d9b68ac77405006695b1f74a24c6a0d5134292d193a1a5d94b1d3cc1506c7067b38c43ee1e5b5e69cfa55f57a446,4.14,train
cv-corpus-25.0-2026-03-09/sw/clips/common_voice_sw_28583250.mp3,kwa,sw,4fe6974e93db06e39211066366a14a80c728d9b68ac77405006695b1f74a24c6a0d5134292d193a1a5d94b1d3cc1506c7067b38c43ee1e5b5e69cfa55f57a446,3.528,train
cv-corpus-25.0-2026-03-09/sw/clips/common_voice_sw_28583837.mp3,kwa,sw,4fe6974e93db06e39211066366a14a80c728d9b68ac77405006695b1f74a24c6a0d5134292d193a1a5d94b1d3cc1506c7067b38c43ee1e5b5e69cfa55f57a446,9.108,train
cv-corpus-25.0-2026-03-09/sw/clips/common_voice_sw_34048347.mp3,kwa,sw,9543fae22dc04f8bc0c58493f1886a985eb3163aa3682d1b65b772212b9fcc6f6f7b018b18ea79c1711efaf48eb8a8692aeb2b3a10cb4ea5878cbfe8a257b31c,6.588,train
cv-corpus-25.0-2026-03-09/sw/clips/common_voice_sw_30712645.mp3,kwa,sw,d0e3ee553490b5f8b459a2644aaa72e74c017572db68a20f09edea61357a3c2f4c687d8e67c11ab48c13eb99edb7f5cb74f2983cf38bd836b30af8630e52e2db,4.176,test
cv-corpus-25.0-2026-03-09/sw/clips/common_voice_sw_34190030.mp3,kwa,sw,e138b6e0c18683ce9c2fd6194fd09d53c4b507747ba7f92cdad8c522d6a6dccf8a35fdbbab5a29d432aa6482f4a4e3f4bb248b7226cbedad859cb927fe765839,6.12,test
cv-corpus-25.0-2026-03-09/sw/clips/common_voice_sw_34191499.mp3,kwa,sw,e138b6e0c18683ce9c2fd6194fd09d53c4b507747ba7f92cdad8c522d6a6dccf8a35fdbbab5a29d432aa6482f4a4e3f4bb248b7226cbedad859cb927fe765839,8.496,test
cv-corpus-25.0-2026-03-09/sw/clips/common_voice_sw_35269490.mp3,kwa,sw,0c2a32111705d26e1d35ae9c25eae53adc367b65bd26d5a09d4bb22c7de9f0f950cd4cdeb46672f7cf290d19279baacea5b46968defa225413d87e83f47af8f4,3.6,test
cv-corpus-25.0-2026-03-09/sw/clips/common_voice_sw_35269730.mp3,kwa,sw,0c2a32111705d26e1d35ae9c25eae53adc367b65bd26d5a09d4bb22c7de9f0f950cd4cdeb46672f7cf290d19279baacea5b46968defa225413d87e83f47af8f4,4.68,test
cv-corpus-25.0-2026-03-09/sw/clips/common_voice_sw_35270462.mp3,kwa,sw,0c2a32111705d26e1d35ae9c25eae53adc367b65bd26d5a09d4bb22c7de9f0f950cd4cdeb46672f7cf290d19279baacea5b46968defa225413d87e83f47af8f4,5.868,test
cv-corpus-25.0-2026-03-09/sw/clips/common_voice_sw_35270480.mp3,kwa,sw,0c2a32111705d26e1d35ae9c25eae53adc367b65bd26d5a09d4bb22c7de9f0f950cd4cdeb46672f7cf290d19279baacea5b46968defa225413d87e83f47af8f4,3.456,test
cv-corpus-25.0-2026-03-09/sw/clips/common_voice_sw_35988596.mp3,kwa,sw,2b526a21a1e3628c3b7bcc6b197d06e982d883449964b73b479ffc95fc1bf503b29ac72a289d29e211a1542e8715c1238b2e60c6127eb4e8366103439f77bbb7,5.4,test
cv-corpus-25.0-2026-03-09/sw/clips/common_voice_sw_30718525.mp3,pia,sw,57b80e98d5173eb5ff2f4274033f1d59f4272abd52a244a80ed4e0e598a8f1496281237a73131ffb72cbcecd70cafdb583a1ae366a671495becf89dbe458ed59,4.176,train
cv-corpus-25.0-2026-03-09/sw/clips/common_voice_sw_30718944.mp3,pia,sw,57b80e98d5173eb5ff2f4274033f1d59f4272abd52a244a80ed4e0e598a8f1496281237a73131ffb72cbcecd70cafdb583a1ae366a671495becf89dbe458ed59,5.256,train
cv-corpus-25.0-2026-03-09/sw/clips/common_voice_sw_30693822.mp3,pia,sw,f0e3f1cbc3526ea2273da567cb59583344ad1606b7be2ad13a902e8b971af62a3da34c20d4ee0e9ee59812079b0400ef7d2091514e02e74fa44c27a2c9ca5862,6.768,train
cv-corpus-25.0-2026-03-09/sw/clips/common_voice_sw_30693985.mp3,pia,sw,f0e3f1cbc3526ea2273da567cb59583344ad1606b7be2ad13a902e8b971af62a3da34c20d4ee0e9ee59812079b0400ef7d2091514e02e74fa44c27a2c9ca5862,8.856,train
cv-corpus-25.0-2026-03-09/sw/clips/common_voice_sw_30574389.mp3,pia,sw,c32b6889700b2aadf1b5524c64abc2e06de0769c68ba330ed38e9b96144db8e109ce609b1ca1e7687432640e29cdd3b3d02a00bd895036703dbc2aba7610b30c,4.5,train
cv-corpus-25.0-2026-03-09/sw/clips/common_voice_sw_30667148.mp3,pia,sw,c32b6889700b2aadf1b5524c64abc2e06de0769c68ba330ed38e9b96144db8e109ce609b1ca1e7687432640e29cdd3b3d02a00bd895036703dbc2aba7610b30c,5.616,train
cv-corpus-25.0-2026-03-09/sw/clips/common_voice_sw_30628195.mp3,pia,sw,052c5091df7681302a2117b2d21db1540c2156f5254ebe9876a7d0146588eab582e11cb47761a18f84200a510a5386bdf024374f76113cd15fe1cc8d7b9fcf0b,5.796,train
cv-corpus-25.0-2026-03-09/sw/clips/common_voice_sw_30629818.mp3,pia,sw,052c5091df7681302a2117b2d21db1540c2156f5254ebe9876a7d0146588eab582e11cb47761a18f84200a510a5386bdf024374f76113cd15fe1cc8d7b9fcf0b,5.616,train
cv-corpus-25.0-2026-03-09/sw/clips/common_voice_sw_30630335.mp3,pia,sw,052c5091df7681302a2117b2d21db1540c2156f5254ebe9876a7d0146588eab582e11cb47761a18f84200a510a5386bdf024374f76113cd15fe1cc8d7b9fcf0b,4.536,train
cv-corpus-25.0-2026-03-09/sw/clips/common_voice_sw_37093442.mp3,pia,sw,e7a76662bca572d2faa75fbd403206c7f0cec3e038c220d4a94729e4001f489dd126d307a9d2515aecf7c6552b35b6554a4b9334ed351a1d998051729c708da7,3.816,train
cv-corpus-25.0-2026-03-09/sw/clips/common_voice_sw_34598928.mp3,pia,sw,dfacc565c5fd59c3dd42eeadc6eebe4694b9a730e72f30a33231c28ceb5ec8ddb7245a39ebdfb6f681d6233c5282d55455c9d6fdbe0bb244efb694dbf0113fcd,9.0,train
cv-corpus-25.0-2026-03-09/sw/clips/common_voice_sw_28582969.mp3,pia,sw,4fe6974e93db06e39211066366a14a80c728d9b68ac77405006695b1f74a24c6a0d5134292d193a1a5d94b1d3cc1506c7067b38c43ee1e5b5e69cfa55f57a446,5.328,train
cv-corpus-25.0-2026-03-09/sw/clips/common_voice_sw_28582975.mp3,pia,sw,4fe6974e93db06e39211066366a14a80c728d9b68ac77405006695b1f74a24c6a0d5134292d193a1a5d94b1d3cc1506c7067b38c43ee1e5b5e69cfa55f57a446,5.256,train
cv-corpus-25.0-2026-03-09/sw/clips/common_voice_sw_35166425.mp3,pia,sw,39e93dddcd981ea59b709adbfdb74bf6e3556234d56ca47e03bf3da7b84d523eaf3c3dedf816128187ca472606a069d8c6af4d395b42e247aeb826d314a39550,4.32,train
cv-corpus-25.0-2026-03-09/sw/clips/common_voice_sw_37089542.mp3,pia,sw,67c3eb9acbae464ec806a825b86ff6b77f551aabc551d641ec637c75daf288d23f0bceb2b9ef5dabfdc761f8bed0663d7f25045bb04f92c09cca32b2c295ef55,6.588,train
cv-corpus-25.0-2026-03-09/sw/clips/common_voice_sw_37092434.mp3,pia,sw,67c3eb9acbae464ec806a825b86ff6b77f551aabc551d641ec637c75daf288d23f0bceb2b9ef5dabfdc761f8bed0663d7f25045bb04f92c09cca32b2c295ef55,5.256,train
cv-corpus-25.0-2026-03-09/sw/clips/common_voice_sw_37098626.mp3,pia,sw,8e475d4c7a7d49e96f29a50054236a79d3d14e01e5ddef4f79fbef0cde213ea20c9c0b60af183bafef25208145817c21471b8b730e2b7af83d190ad4b01f1535,9.72,train
cv-corpus-25.0-2026-03-09/sw/clips/common_voice_sw_35164286.mp3,pia,sw,ad25dbcf5076274e91a947dbebd2f0b6ed03c0151e323f7d099cd6900fd066f1d803e0c46041a2df56a5ba6a944fb44c87392c8b9501d54e4c06374d33898c73,10.188,train
cv-corpus-25.0-2026-03-09/sw/clips/common_voice_sw_34958959.mp3,pia,sw,52a7fa4b36d33e5411f5a02201d0983371ffe9ef08d3744efcdbe28edcbe4265714fcbbe6cc9980b21e7dfb246fe5aec30b1f1b552c5c87024ba24ef2552994d,4.356,train
cv-corpus-25.0-2026-03-09/sw/clips/common_voice_sw_30629125.mp3,pia,sw,9382ab61d2467dc5596da042c71a7e96fd0cec8192996c8cf922d305e4a94110b797de8dcac877dfb1214ae047103f1dcab7d70785eeda8816ef4814a82f7992,5.796,train
cv-corpus-25.0-2026-03-09/sw/clips/common_voice_sw_30629959.mp3,pia,sw,9382ab61d2467dc5596da042c71a7e96fd0cec8192996c8cf922d305e4a94110b797de8dcac877dfb1214ae047103f1dcab7d70785eeda8816ef4814a82f7992,6.444,train
cv-corpus-25.0-2026-03-09/sw/clips/common_voice_sw_30585118.mp3,pia,sw,fe3befae02733265c3fc953eb67840c57d970340a76386ffda9ab3226d31e376790d7eddefde5f434647687e6136c44e50513edebca32377799b15363919310d,4.68,train
cv-corpus-25.0-2026-03-09/sw/clips/common_voice_sw_30653753.mp3,pia,sw,fe3befae02733265c3fc953eb67840c57d970340a76386ffda9ab3226d31e376790d7eddefde5f434647687e6136c44e50513edebca32377799b15363919310d,3.708,train
cv-corpus-25.0-2026-03-09/sw/clips/common_voice_sw_30654131.mp3,pia,sw,d591c74bee1256802451bd606cddd870f5b98fb0097a1845ffd4275ce3e044e31f494dbd61c6bf6532f99f9ad4486ecad71a745d8fe1e3ca492935e23db4a04e,5.976,train
cv-corpus-25.0-2026-03-09/sw/clips/common_voice_sw_29216245.mp3,pia,sw,ef58cdf6831cc92fed46f932d37718db3cc543eee518cf019c4c389fe03cf4eb109f75b0eb3903555b77cb2850cb39b7930fec3ce6b22dbd1f940ad945572d16,5.4,train
cv-corpus-25.0-2026-03-09/sw/clips/common_voice_sw_29252561.mp3,pia,sw,ef58cdf6831cc92fed46f932d37718db3cc543eee518cf019c4c389fe03cf4eb109f75b0eb3903555b77cb2850cb39b7930fec3ce6b22dbd1f940ad945572d16,7.488,train
cv-corpus-25.0-2026-03-09/sw/clips/common_voice_sw_29252862.mp3,pia,sw,ef58cdf6831cc92fed46f932d37718db3cc543eee518cf019c4c389fe03cf4eb109f75b0eb3903555b77cb2850cb39b7930fec3ce6b22dbd1f940ad945572d16,4.68,train
cv-corpus-25.0-2026-03-09/sw/clips/common_voice_sw_29257105.mp3,pia,sw,ef58cdf6831cc92fed46f932d37718db3cc543eee518cf019c4c389fe03cf4eb109f75b0eb3903555b77cb2850cb39b7930fec3ce6b22dbd1f940ad945572d16,5.868,train
cv-corpus-25.0-2026-03-09/sw/clips/common_voice_sw_29465821.mp3,pia,sw,ef58cdf6831cc92fed46f932d37718db3cc543eee518cf019c4c389fe03cf4eb109f75b0eb3903555b77cb2850cb39b7930fec3ce6b22dbd1f940ad945572d16,7.2,train
cv-corpus-25.0-2026-03-09/sw/clips/common_voice_sw_29465841.mp3,pia,sw,ef58cdf6831cc92fed46f932d37718db3cc543eee518cf019c4c389fe03cf4eb109f75b0eb3903555b77cb2850cb39b7930fec3ce6b22dbd1f940ad945572d16,5.868,train
cv-corpus-25.0-2026-03-09/sw/clips/common_voice_sw_28583381.mp3,pia,sw,30061a555f0570022ea131ac2197be155374fd13d93e41ee5a439bb60108b78af4d5f68b6fcbe2f10f6c273276d45c53e53ff61549b42ade2fc418ff3301dcde,4.068,train
cv-corpus-25.0-2026-03-09/sw/clips/common_voice_sw_28584847.mp3,pia,sw,30061a555f0570022ea131ac2197be155374fd13d93e41ee5a439bb60108b78af4d5f68b6fcbe2f10f6c273276d45c53e53ff61549b42ade2fc418ff3301dcde,5.94,train
cv-corpus-25.0-2026-03-09/sw/clips/common_voice_sw_30712691.mp3,pia,sw,d0e3ee553490b5f8b459a2644aaa72e74c017572db68a20f09edea61357a3c2f4c687d8e67c11ab48c13eb99edb7f5cb74f2983cf38bd836b30af8630e52e2db,6.408,test
cv-corpus-25.0-2026-03-09/sw/clips/common_voice_sw_35990428.mp3,pia,sw,2b526a21a1e3628c3b7bcc6b197d06e982d883449964b73b479ffc95fc1bf503b29ac72a289d29e211a1542e8715c1238b2e60c6127eb4e8366103439f77bbb7,4.968,test
cv-corpus-25.0-2026-03-09/sw/clips/common_voice_sw_28260460.mp3,pia,sw,4b9f3ebafc1296a7f91cc440c5e0049a9577a568b4eacf9761083631d403c6a44ab90658f48ae8133e00894a9c4da238d130b2e9afd30a794d5c24e58010e0dd,4.968,test
cv-corpus-25.0-2026-03-09/sw/clips/common_voice_sw_28261093.mp3,pia,sw,4b9f3ebafc1296a7f91cc440c5e0049a9577a568b4eacf9761083631d403c6a44ab90658f48ae8133e00894a9c4da238d130b2e9afd30a794d5c24e58010e0dd,2.7,test
cv-corpus-25.0-2026-03-09/sw/clips/common_voice_sw_30659969.mp3,pia,sw,1463183d7f36ff601ef249d3c334f3419b88311e32b58c60acaa72c35979eb89d576f8a1c8e0c24c40e13acdda990e63d4b7625abca3b89dd36e06f4d5a2ae13,8.028,test
cv-corpus-25.0-2026-03-09/sw/clips/common_voice_sw_31427803.mp3,pia,sw,1463183d7f36ff601ef249d3c334f3419b88311e32b58c60acaa72c35979eb89d576f8a1c8e0c24c40e13acdda990e63d4b7625abca3b89dd36e06f4d5a2ae13,5.796,test
cv-corpus-25.0-2026-03-09/sw/clips/common_voice_sw_37084219.mp3,pia,sw,77c1d125b03bf32c3e8efb5c213b3152992c6e559bd4147feb0727bf59b43d561cadbbe7ff7b945db7a86a497dd3daa429cb903f51d5685d855f124d4812c8a3,3.276,test
cv-corpus-25.0-2026-03-09/sw/clips/common_voice_sw_30621236.mp3,pia,sw,ed447047047e82e4e86864f857f0e6c8605f74413f909b337f02c74d9876e5e13493f69dff0d1aae0621dbd9eb1848fe275b4cf657dd4d6b5901c588176ce177,9.108,test
cv-corpus-25.0-2026-03-09/sw/clips/common_voice_sw_30719520.mp3,na,sw,57b80e98d5173eb5ff2f4274033f1d59f4272abd52a244a80ed4e0e598a8f1496281237a73131ffb72cbcecd70cafdb583a1ae366a671495becf89dbe458ed59,7.416,train
cv-corpus-25.0-2026-03-09/sw/clips/common_voice_sw_30564042.mp3,na,sw,f0e3f1cbc3526ea2273da567cb59583344ad1606b7be2ad13a902e8b971af62a3da34c20d4ee0e9ee59812079b0400ef7d2091514e02e74fa44c27a2c9ca5862,5.58,train
cv-corpus-25.0-2026-03-09/sw/clips/common_voice_sw_30694047.mp3,na,sw,f0e3f1cbc3526ea2273da567cb59583344ad1606b7be2ad13a902e8b971af62a3da34c20d4ee0e9ee59812079b0400ef7d2091514e02e74fa44c27a2c9ca5862,4.896,train
cv-corpus-25.0-2026-03-09/sw/clips/common_voice_sw_34922002.mp3,na,sw,f0e3f1cbc3526ea2273da567cb59583344ad1606b7be2ad13a902e8b971af62a3da34c20d4ee0e9ee59812079b0400ef7d2091514e02e74fa44c27a2c9ca5862,4.536,train
cv-corpus-25.0-2026-03-09/sw/clips/common_voice_sw_35991022.mp3,na,sw,f0e3f1cbc3526ea2273da567cb59583344ad1606b7be2ad13a902e8b971af62a3da34c20d4ee0e9ee59812079b0400ef7d2091514e02e74fa44c27a2c9ca5862,6.12,train
cv-corpus-25.0-2026-03-09/sw/clips/common_voice_sw_30628477.mp3,na,sw,052c5091df7681302a2117b2d21db1540c2156f5254ebe9876a7d0146588eab582e11cb47761a18f84200a510a5386bdf024374f76113cd15fe1cc8d7b9fcf0b,9.936,train
cv-corpus-25.0-2026-03-09/sw/clips/common_voice_sw_30629473.mp3,na,sw,052c5091df7681302a2117b2d21db1540c2156f5254ebe9876a7d0146588eab582e11cb47761a18f84200a510a5386bdf024374f76113cd15fe1cc8d7b9fcf0b,4.32,train
cv-corpus-25.0-2026-03-09/sw/clips/common_voice_sw_37093780.mp3,na,sw,e7a76662bca572d2faa75fbd403206c7f0cec3e038c220d4a94729e4001f489dd126d307a9d2515aecf7c6552b35b6554a4b9334ed351a1d998051729c708da7,7.776,train
cv-corpus-25.0-2026-03-09/sw/clips/common_voice_sw_37095889.mp3,na,sw,e7a76662bca572d2faa75fbd403206c7f0cec3e038c220d4a94729e4001f489dd126d307a9d2515aecf7c6552b35b6554a4b9334ed351a1d998051729c708da7,9.072,train
cv-corpus-25.0-2026-03-09/sw/clips/common_voice_sw_37100241.mp3,na,sw,e7a76662bca572d2faa75fbd403206c7f0cec3e038c220d4a94729e4001f489dd126d307a9d2515aecf7c6552b35b6554a4b9334ed351a1d998051729c708da7,7.056,train
cv-corpus-25.0-2026-03-09/sw/clips/common_voice_sw_37092004.mp3,na,sw,40a58574fe3c4ccca04a039b9f4ce0acad319f67ae8ed1fb44d420b2831fff2a25229d18c341bfff08cc1e1b800a8aea3aabee079217ac8bb0f2c3665a7dab9e,4.248,train
cv-corpus-25.0-2026-03-09/sw/clips/common_voice_sw_37096976.mp3,na,sw,40a58574fe3c4ccca04a039b9f4ce0acad319f67ae8ed1fb44d420b2831fff2a25229d18c341bfff08cc1e1b800a8aea3aabee079217ac8bb0f2c3665a7dab9e,5.148,train
cv-corpus-25.0-2026-03-09/sw/clips/common_voice_sw_34596848.mp3,na,sw,dfacc565c5fd59c3dd42eeadc6eebe4694b9a730e72f30a33231c28ceb5ec8ddb7245a39ebdfb6f681d6233c5282d55455c9d6fdbe0bb244efb694dbf0113fcd,9.0,train
cv-corpus-25.0-2026-03-09/sw/clips/common_voice_sw_34596892.mp3,na,sw,dfacc565c5fd59c3dd42eeadc6eebe4694b9a730e72f30a33231c28ceb5ec8ddb7245a39ebdfb6f681d6233c5282d55455c9d6fdbe0bb244efb694dbf0113fcd,7.02,train
cv-corpus-25.0-2026-03-09/sw/clips/common_voice_sw_34597031.mp3,na,sw,dfacc565c5fd59c3dd42eeadc6eebe4694b9a730e72f30a33231c28ceb5ec8ddb7245a39ebdfb6f681d6233c5282d55455c9d6fdbe0bb244efb694dbf0113fcd,9.216,train
cv-corpus-25.0-2026-03-09/sw/clips/common_voice_sw_34597090.mp3,na,sw,dfacc565c5fd59c3dd42eeadc6eebe4694b9a730e72f30a33231c28ceb5ec8ddb7245a39ebdfb6f681d6233c5282d55455c9d6fdbe0bb244efb694dbf0113fcd,4.788,train
cv-corpus-25.0-2026-03-09/sw/clips/common_voice_sw_34597410.mp3,na,sw,dfacc565c5fd59c3dd42eeadc6eebe4694b9a730e72f30a33231c28ceb5ec8ddb7245a39ebdfb6f681d6233c5282d55455c9d6fdbe0bb244efb694dbf0113fcd,8.568,train
cv-corpus-25.0-2026-03-09/sw/clips/common_voice_sw_34597908.mp3,na,sw,dfacc565c5fd59c3dd42eeadc6eebe4694b9a730e72f30a33231c28ceb5ec8ddb7245a39ebdfb6f681d6233c5282d55455c9d6fdbe0bb244efb694dbf0113fcd,5.148,train
cv-corpus-25.0-2026-03-09/sw/clips/common_voice_sw_34598027.mp3,na,sw,dfacc565c5fd59c3dd42eeadc6eebe4694b9a730e72f30a33231c28ceb5ec8ddb7245a39ebdfb6f681d6233c5282d55455c9d6fdbe0bb244efb694dbf0113fcd,5.616,train
cv-corpus-25.0-2026-03-09/sw/clips/common_voice_sw_34598884.mp3,na,sw,dfacc565c5fd59c3dd42eeadc6eebe4694b9a730e72f30a33231c28ceb5ec8ddb7245a39ebdfb6f681d6233c5282d55455c9d6fdbe0bb244efb694dbf0113fcd,5.58,train
cv-corpus-25.0-2026-03-09/sw/clips/common_voice_sw_28582430.mp3,na,sw,4fe6974e93db06e39211066366a14a80c728d9b68ac77405006695b1f74a24c6a0d5134292d193a1a5d94b1d3cc1506c7067b38c43ee1e5b5e69cfa55f57a446,3.816,train
cv-corpus-25.0-2026-03-09/sw/clips/common_voice_sw_34047426.mp3,na,sw,9543fae22dc04f8bc0c58493f1886a985eb3163aa3682d1b65b772212b9fcc6f6f7b018b18ea79c1711efaf48eb8a8692aeb2b3a10cb4ea5878cbfe8a257b31c,5.256,train
cv-corpus-25.0-2026-03-09/sw/clips/common_voice_sw_34049207.mp3,na,sw,9543fae22dc04f8bc0c58493f1886a985eb3163aa3682d1b65b772212b9fcc6f6f7b018b18ea79c1711efaf48eb8a8692aeb2b3a10cb4ea5878cbfe8a257b31c,9.54,train
cv-corpus-25.0-2026-03-09/sw/clips/common_voice_sw_34390991.mp3,na,sw,9543fae22dc04f8bc0c58493f1886a985eb3163aa3682d1b65b772212b9fcc6f6f7b018b18ea79c1711efaf48eb8a8692aeb2b3a10cb4ea5878cbfe8a257b31c,9.72,train
cv-corpus-25.0-2026-03-09/sw/clips/common_voice_sw_34392431.mp3,na,sw,9543fae22dc04f8bc0c58493f1886a985eb3163aa3682d1b65b772212b9fcc6f6f7b018b18ea79c1711efaf48eb8a8692aeb2b3a10cb4ea5878cbfe8a257b31c,7.56,train
cv-corpus-25.0-2026-03-09/sw/clips/common_voice_sw_34392564.mp3,na,sw,9543fae22dc04f8bc0c58493f1886a985eb3163aa3682d1b65b772212b9fcc6f6f7b018b18ea79c1711efaf48eb8a8692aeb2b3a10cb4ea5878cbfe8a257b31c,9.036,train
cv-corpus-25.0-2026-03-09/sw/clips/common_voice_sw_35166266.mp3,na,sw,39e93dddcd981ea59b709adbfdb74bf6e3556234d56ca47e03bf3da7b84d523eaf3c3dedf816128187ca472606a069d8c6af4d395b42e247aeb826d314a39550,4.788,train
cv-corpus-25.0-2026-03-09/sw/clips/common_voice_sw_35166365.mp3,na,sw,39e93dddcd981ea59b709adbfdb74bf6e3556234d56ca47e03bf3da7b84d523eaf3c3dedf816128187ca472606a069d8c6af4d395b42e247aeb826d314a39550,6.336,train
cv-corpus-25.0-2026-03-09/sw/clips/common_voice_sw_35168338.mp3,na,sw,39e93dddcd981ea59b709adbfdb74bf6e3556234d56ca47e03bf3da7b84d523eaf3c3dedf816128187ca472606a069d8c6af4d395b42e247aeb826d314a39550,4.968,train
cv-corpus-25.0-2026-03-09/sw/clips/common_voice_sw_37087368.mp3,na,sw,67c3eb9acbae464ec806a825b86ff6b77f551aabc551d641ec637c75daf288d23f0bceb2b9ef5dabfdc761f8bed0663d7f25045bb04f92c09cca32b2c295ef55,6.876,train
cv-corpus-25.0-2026-03-09/sw/clips/common_voice_sw_37089270.mp3,na,sw,67c3eb9acbae464ec806a825b86ff6b77f551aabc551d641ec637c75daf288d23f0bceb2b9ef5dabfdc761f8bed0663d7f25045bb04f92c09cca32b2c295ef55,7.236,train
cv-corpus-25.0-2026-03-09/sw/clips/common_voice_sw_37091949.mp3,na,sw,67c3eb9acbae464ec806a825b86ff6b77f551aabc551d641ec637c75daf288d23f0bceb2b9ef5dabfdc761f8bed0663d7f25045bb04f92c09cca32b2c295ef55,5.76,train
cv-corpus-25.0-2026-03-09/sw/clips/common_voice_sw_37090904.mp3,na,sw,654a4abf951a53447a4628b5cf857438956fba5246b3c22ef8ab717a7773ff3057ba82d2174386c75fd18ce7914d333a3af6e15c9c4173256c98b1ded084d841,4.248,test
cv-corpus-25.0-2026-03-09/sw/clips/common_voice_sw_34188815.mp3,na,sw,e138b6e0c18683ce9c2fd6194fd09d53c4b507747ba7f92cdad8c522d6a6dccf8a35fdbbab5a29d432aa6482f4a4e3f4bb248b7226cbedad859cb927fe765839,6.84,test
cv-corpus-25.0-2026-03-09/sw/clips/common_voice_sw_34190209.mp3,na,sw,e138b6e0c18683ce9c2fd6194fd09d53c4b507747ba7f92cdad8c522d6a6dccf8a35fdbbab5a29d432aa6482f4a4e3f4bb248b7226cbedad859cb927fe765839,6.408,test
cv-corpus-25.0-2026-03-09/sw/clips/common_voice_sw_35269910.mp3,na,sw,0c2a32111705d26e1d35ae9c25eae53adc367b65bd26d5a09d4bb22c7de9f0f950cd4cdeb46672f7cf290d19279baacea5b46968defa225413d87e83f47af8f4,7.236,test
cv-corpus-25.0-2026-03-09/sw/clips/common_voice_sw_36037730.mp3,na,sw,2b526a21a1e3628c3b7bcc6b197d06e982d883449964b73b479ffc95fc1bf503b29ac72a289d29e211a1542e8715c1238b2e60c6127eb4e8366103439f77bbb7,8.46,test
cv-corpus-25.0-2026-03-09/sw/clips/common_voice_sw_36038398.mp3,na,sw,2b526a21a1e3628c3b7bcc6b197d06e982d883449964b73b479ffc95fc1bf503b29ac72a289d29e211a1542e8715c1238b2e60c6127eb4e8366103439f77bbb7,3.6,test
cv-corpus-25.0-2026-03-09/sw/clips/common_voice_sw_35004534.mp3,na,sw,67360c4084085b87ca62ccb2aba9dc16b5952893b95c983d18a19d7e069ba74d607fe32c5cab4c136d3368d82990f059053e6095fad020c814e9734e1cf49314,7.848,test
cv-corpus-25.0-2026-03-09/sw/clips/common_voice_sw_35127533.mp3,na,sw,67360c4084085b87ca62ccb2aba9dc16b5952893b95c983d18a19d7e069ba74d607fe32c5cab4c136d3368d82990f059053e6095fad020c814e9734e1cf49314,6.048,test
cv-corpus-25.0-2026-03-09/sw/clips/common_voice_sw_30581487.mp3,ni,sw,f0e3f1cbc3526ea2273da567cb59583344ad1606b7be2ad13a902e8b971af62a3da34c20d4ee0e9ee59812079b0400ef7d2091514e02e74fa44c27a2c9ca5862,4.248,train
cv-corpus-25.0-2026-03-09/sw/clips/common_voice_sw_30667251.mp3,ni,sw,c32b6889700b2aadf1b5524c64abc2e06de0769c68ba330ed38e9b96144db8e109ce609b1ca1e7687432640e29cdd3b3d02a00bd895036703dbc2aba7610b30c,5.796,train
cv-corpus-25.0-2026-03-09/sw/clips/common_voice_sw_30627954.mp3,ni,sw,052c5091df7681302a2117b2d21db1540c2156f5254ebe9876a7d0146588eab582e11cb47761a18f84200a510a5386bdf024374f76113cd15fe1cc8d7b9fcf0b,5.148,train
cv-corpus-25.0-2026-03-09/sw/clips/common_voice_sw_30630630.mp3,ni,sw,052c5091df7681302a2117b2d21db1540c2156f5254ebe9876a7d0146588eab582e11cb47761a18f84200a510a5386bdf024374f76113cd15fe1cc8d7b9fcf0b,6.156,train
cv-corpus-25.0-2026-03-09/sw/clips/common_voice_sw_34597078.mp3,ni,sw,dfacc565c5fd59c3dd42eeadc6eebe4694b9a730e72f30a33231c28ceb5ec8ddb7245a39ebdfb6f681d6233c5282d55455c9d6fdbe0bb244efb694dbf0113fcd,3.168,train
cv-corpus-25.0-2026-03-09/sw/clips/common_voice_sw_34597625.mp3,ni,sw,dfacc565c5fd59c3dd42eeadc6eebe4694b9a730e72f30a33231c28ceb5ec8ddb7245a39ebdfb6f681d6233c5282d55455c9d6fdbe0bb244efb694dbf0113fcd,6.48,train
cv-corpus-25.0-2026-03-09/sw/clips/common_voice_sw_34597853.mp3,ni,sw,dfacc565c5fd59c3dd42eeadc6eebe4694b9a730e72f30a33231c28ceb5ec8ddb7245a39ebdfb6f681d6233c5282d55455c9d6fdbe0bb244efb694dbf0113fcd,4.248,train
cv-corpus-25.0-2026-03-09/sw/clips/common_voice_sw_34598213.mp3,ni,sw,dfacc565c5fd59c3dd42eeadc6eebe4694b9a730e72f30a33231c28ceb5ec8ddb7245a39ebdfb6f681d6233c5282d55455c9d6fdbe0bb244efb694dbf0113fcd,6.84,train
cv-corpus-25.0-2026-03-09/sw/clips/common_voice_sw_34598567.mp3,ni,sw,dfacc565c5fd59c3dd42eeadc6eebe4694b9a730e72f30a33231c28ceb5ec8ddb7245a39ebdfb6f681d6233c5282d55455c9d6fdbe0bb244efb694dbf0113fcd,8.316,train
cv-corpus-25.0-2026-03-09/sw/clips/common_voice_sw_28581599.mp3,ni,sw,4fe6974e93db06e39211066366a14a80c728d9b68ac77405006695b1f74a24c6a0d5134292d193a1a5d94b1d3cc1506c7067b38c43ee1e5b5e69cfa55f57a446,6.156,train
cv-corpus-25.0-2026-03-09/sw/clips/common_voice_sw_28581773.mp3,ni,sw,4fe6974e93db06e39211066366a14a80c728d9b68ac77405006695b1f74a24c6a0d5134292d193a1a5d94b1d3cc1506c7067b38c43ee1e5b5e69cfa55f57a446,6.588,train
cv-corpus-25.0-2026-03-09/sw/clips/common_voice_sw_28581776.mp3,ni,sw,4fe6974e93db06e39211066366a14a80c728d9b68ac77405006695b1f74a24c6a0d5134292d193a1a5d94b1d3cc1506c7067b38c43ee1e5b5e69cfa55f57a446,5.508,train
cv-corpus-25.0-2026-03-09/sw/clips/common_voice_sw_28582668.mp3,ni,sw,4fe6974e93db06e39211066366a14a80c728d9b68ac77405006695b1f74a24c6a0d5134292d193a1a5d94b1d3cc1506c7067b38c43ee1e5b5e69cfa55f57a446,6.336,train
cv-corpus-25.0-2026-03-09/sw/clips/common_voice_sw_28583182.mp3,ni,sw,4fe6974e93db06e39211066366a14a80c728d9b68ac77405006695b1f74a24c6a0d5134292d193a1a5d94b1d3cc1506c7067b38c43ee1e5b5e69cfa55f57a446,4.5,train
cv-corpus-25.0-2026-03-09/sw/clips/common_voice_sw_31737230.mp3,ni,sw,4fe6974e93db06e39211066366a14a80c728d9b68ac77405006695b1f74a24c6a0d5134292d193a1a5d94b1d3cc1506c7067b38c43ee1e5b5e69cfa55f57a446,4.968,train
cv-corpus-25.0-2026-03-09/sw/clips/common_voice_sw_34391026.mp3,ni,sw,9543fae22dc04f8bc0c58493f1886a985eb3163aa3682d1b65b772212b9fcc6f6f7b018b18ea79c1711efaf48eb8a8692aeb2b3a10cb4ea5878cbfe8a257b31c,5.796,train
cv-corpus-25.0-2026-03-09/sw/clips/common_voice_sw_34392922.mp3,ni,sw,9543fae22dc04f8bc0c58493f1886a985eb3163aa3682d1b65b772212b9fcc6f6f7b018b18ea79c1711efaf48eb8a8692aeb2b3a10cb4ea5878cbfe8a257b31c,6.3,train
cv-corpus-25.0-2026-03-09/sw/clips/common_voice_sw_35166368.mp3,ni,sw,39e93dddcd981ea59b709adbfdb74bf6e3556234d56ca47e03bf3da7b84d523eaf3c3dedf816128187ca472606a069d8c6af4d395b42e247aeb826d314a39550,4.14,train
cv-corpus-25.0-2026-03-09/sw/clips/common_voice_sw_35167982.mp3,ni,sw,39e93dddcd981ea59b709adbfdb74bf6e3556234d56ca47e03bf3da7b84d523eaf3c3dedf816128187ca472606a069d8c6af4d395b42e247aeb826d314a39550,5.868,train
cv-corpus-25.0-2026-03-09/sw/clips/common_voice_sw_37086779.mp3,ni,sw,67c3eb9acbae464ec806a825b86ff6b77f551aabc551d641ec637c75daf288d23f0bceb2b9ef5dabfdc761f8bed0663d7f25045bb04f92c09cca32b2c295ef55,4.716,train
cv-corpus-25.0-2026-03-09/sw/clips/common_voice_sw_37090255.mp3,ni,sw,67c3eb9acbae464ec806a825b86ff6b77f551aabc551d641ec637c75daf288d23f0bceb2b9ef5dabfdc761f8bed0663d7f25045bb04f92c09cca32b2c295ef55,4.68,train
cv-corpus-25.0-2026-03-09/sw/clips/common_voice_sw_37091246.mp3,ni,sw,67c3eb9acbae464ec806a825b86ff6b77f551aabc551d641ec637c75daf288d23f0bceb2b9ef5dabfdc761f8bed0663d7f25045bb04f92c09cca32b2c295ef55,6.66,train
cv-corpus-25.0-2026-03-09/sw/clips/common_voice_sw_37091804.mp3,ni,sw,67c3eb9acbae464ec806a825b86ff6b77f551aabc551d641ec637c75daf288d23f0bceb2b9ef5dabfdc761f8bed0663d7f25045bb04f92c09cca32b2c295ef55,6.768,train
cv-corpus-25.0-2026-03-09/sw/clips/common_voice_sw_37092125.mp3,ni,sw,67c3eb9acbae464ec806a825b86ff6b77f551aabc551d641ec637c75daf288d23f0bceb2b9ef5dabfdc761f8bed0663d7f25045bb04f92c09cca32b2c295ef55,4.248,train
cv-corpus-25.0-2026-03-09/sw/clips/common_voice_sw_37092534.mp3,ni,sw,67c3eb9acbae464ec806a825b86ff6b77f551aabc551d641ec637c75daf288d23f0bceb2b9ef5dabfdc761f8bed0663d7f25045bb04f92c09cca32b2c295ef55,5.04,train
cv-corpus-25.0-2026-03-09/sw/clips/common_voice_sw_37099835.mp3,ni,sw,67c3eb9acbae464ec806a825b86ff6b77f551aabc551d641ec637c75daf288d23f0bceb2b9ef5dabfdc761f8bed0663d7f25045bb04f92c09cca32b2c295ef55,4.356,train
cv-corpus-25.0-2026-03-09/sw/clips/common_voice_sw_35164599.mp3,ni,sw,ad25dbcf5076274e91a947dbebd2f0b6ed03c0151e323f7d099cd6900fd066f1d803e0c46041a2df56a5ba6a944fb44c87392c8b9501d54e4c06374d33898c73,5.436,train
cv-corpus-25.0-2026-03-09/sw/clips/common_voice_sw_35167463.mp3,ni,sw,ad25dbcf5076274e91a947dbebd2f0b6ed03c0151e323f7d099cd6900fd066f1d803e0c46041a2df56a5ba6a944fb44c87392c8b9501d54e4c06374d33898c73,6.12,train
cv-corpus-25.0-2026-03-09/sw/clips/common_voice_sw_35168109.mp3,ni,sw,ad25dbcf5076274e91a947dbebd2f0b6ed03c0151e323f7d099cd6900fd066f1d803e0c46041a2df56a5ba6a944fb44c87392c8b9501d54e4c06374d33898c73,4.068,train
cv-corpus-25.0-2026-03-09/sw/clips/common_voice_sw_34958448.mp3,ni,sw,52a7fa4b36d33e5411f5a02201d0983371ffe9ef08d3744efcdbe28edcbe4265714fcbbe6cc9980b21e7dfb246fe5aec30b1f1b552c5c87024ba24ef2552994d,4.716,train
cv-corpus-25.0-2026-03-09/sw/clips/common_voice_sw_34958664.mp3,ni,sw,52a7fa4b36d33e5411f5a02201d0983371ffe9ef08d3744efcdbe28edcbe4265714fcbbe6cc9980b21e7dfb246fe5aec30b1f1b552c5c87024ba24ef2552994d,3.816,train
cv-corpus-25.0-2026-03-09/sw/clips/common_voice_sw_34958866.mp3,ni,sw,52a7fa4b36d33e5411f5a02201d0983371ffe9ef08d3744efcdbe28edcbe4265714fcbbe6cc9980b21e7dfb246fe5aec30b1f1b552c5c87024ba24ef2552994d,4.32,train
cv-corpus-25.0-2026-03-09/sw/clips/common_voice_sw_30712177.mp3,ni,sw,d0e3ee553490b5f8b459a2644aaa72e74c017572db68a20f09edea61357a3c2f4c687d8e67c11ab48c13eb99edb7f5cb74f2983cf38bd836b30af8630e52e2db,4.896,test
cv-corpus-25.0-2026-03-09/sw/clips/common_voice_sw_30712178.mp3,ni,sw,d0e3ee553490b5f8b459a2644aaa72e74c017572db68a20f09edea61357a3c2f4c687d8e67c11ab48c13eb99edb7f5cb74f2983cf38bd836b30af8630e52e2db,6.588,test
cv-corpus-25.0-2026-03-09/sw/clips/common_voice_sw_30712294.mp3,ni,sw,d0e3ee553490b5f8b459a2644aaa72e74c017572db68a20f09edea61357a3c2f4c687d8e67c11ab48c13eb99edb7f5cb74f2983cf38bd836b30af8630e52e2db,5.04,test
cv-corpus-25.0-2026-03-09/sw/clips/common_voice_sw_34189124.mp3,ni,sw,e138b6e0c18683ce9c2fd6194fd09d53c4b507747ba7f92cdad8c522d6a6dccf8a35fdbbab5a29d432aa6482f4a4e3f4bb248b7226cbedad859cb927fe765839,3.456,test
cv-corpus-25.0-2026-03-09/sw/clips/common_voice_sw_34190124.mp3,ni,sw,e138b6e0c18683ce9c2fd6194fd09d53c4b507747ba7f92cdad8c522d6a6dccf8a35fdbbab5a29d432aa6482f4a4e3f4bb248b7226cbedad859cb927fe765839,8.316,test
cv-corpus-25.0-2026-03-09/sw/clips/common_voice_sw_34190525.mp3,ni,sw,e138b6e0c18683ce9c2fd6194fd09d53c4b507747ba7f92cdad8c522d6a6dccf8a35fdbbab5a29d432aa6482f4a4e3f4bb248b7226cbedad859cb927fe765839,5.94,test
cv-corpus-25.0-2026-03-09/sw/clips/common_voice_sw_34190738.mp3,ni,sw,e138b6e0c18683ce9c2fd6194fd09d53c4b507747ba7f92cdad8c522d6a6dccf8a35fdbbab5a29d432aa6482f4a4e3f4bb248b7226cbedad859cb927fe765839,4.536,test
cv-corpus-25.0-2026-03-09/sw/clips/common_voice_sw_34191432.mp3,ni,sw,e138b6e0c18683ce9c2fd6194fd09d53c4b507747ba7f92cdad8c522d6a6dccf8a35fdbbab5a29d432aa6482f4a4e3f4bb248b7226cbedad859cb927fe765839,6.66,test
